id,type,latitude,longitude,image_name,image_path
1,PV,38.743718319828446,-9.152814848857549,tile_0009.jpg,assets/output_images/tile_0009.jpg
2,PV,38.74371873438842,-9.152884778729224,tile_0009.jpg,assets/output_images/tile_0009.jpg
3,PV,38.73489486430447,-9.152686931869829,tile_0032.jpg,assets/output_images/tile_0032.jpg
4,PV,38.74689922615584,-9.151820779877896,tile_0055.jpg,assets/output_images/tile_0055.jpg
5,PV,38.74568948827217,-9.151626966033799,tile_0058.jpg,assets/output_images/tile_0058.jpg
6,PV,38.74569678885406,-9.15149643236335,tile_0058.jpg,assets/output_images/tile_0058.jpg
7,PV,38.73465501507703,-9.151956182192189,tile_0086.jpg,assets/output_images/tile_0086.jpg
8,PV,38.734602201793905,-9.151764447607176,tile_0087.jpg,assets/output_images/tile_0087.jpg
9,PV,38.747203484474895,-9.150689141423747,tile_0108.jpg,assets/output_images/tile_0108.jpg
10,PV,38.747146812669655,-9.15068445907995,tile_0109.jpg,assets/output_images/tile_0109.jpg
11,PV,38.745755221662904,-9.15134121453263,tile_0112.jpg,assets/output_images/tile_0112.jpg
12,PV,38.737393682820674,-9.150894589730054,tile_0133.jpg,assets/output_images/tile_0133.jpg
13,PV,38.73525393793049,-9.150713677655029,tile_0139.jpg,assets/output_images/tile_0139.jpg
14,PV,38.733906095268246,-9.151317291920977,tile_0142.jpg,assets/output_images/tile_0142.jpg
15,PV,38.73387253457921,-9.151113529585034,tile_0142.jpg,assets/output_images/tile_0142.jpg
16,PV,38.73357945747895,-9.15088727458849,tile_0143.jpg,assets/output_images/tile_0143.jpg
17,PV,38.7336699626152,-9.150653534909976,tile_0143.jpg,assets/output_images/tile_0143.jpg
18,PV,38.73270304485136,-9.15133692938609,tile_0145.jpg,assets/output_images/tile_0145.jpg
19,PV,38.731633899393046,-9.151260834853375,tile_0148.jpg,assets/output_images/tile_0148.jpg
20,PV,38.7315734314924,-9.151210440210983,tile_0148.jpg,assets/output_images/tile_0148.jpg
21,PV,38.74721489741464,-9.150606625915874,tile_0162.jpg,assets/output_images/tile_0162.jpg
22,PV,38.74559464895309,-9.15015195114658,tile_0166.jpg,assets/output_images/tile_0166.jpg
23,PV,38.74558414049563,-9.15015039794364,tile_0167.jpg,assets/output_images/tile_0167.jpg
24,PV,38.74550526301218,-9.149995932371091,tile_0167.jpg,assets/output_images/tile_0167.jpg
25,PV,38.74090164134891,-9.15049585057842,tile_0178.jpg,assets/output_images/tile_0178.jpg
26,PV,38.73453154062149,-9.150580166173489,tile_0195.jpg,assets/output_images/tile_0195.jpg
27,PV,38.7340414183523,-9.150144098693918,tile_0196.jpg,assets/output_images/tile_0196.jpg
28,PV,38.73404090770349,-9.150077254242756,tile_0196.jpg,assets/output_images/tile_0196.jpg
29,PV,38.73388810283916,-9.150187678538463,tile_0196.jpg,assets/output_images/tile_0196.jpg
30,PV,38.73218359989538,-9.150015435104276,tile_0201.jpg,assets/output_images/tile_0201.jpg
31,PV,38.73218913926193,-9.149878913270792,tile_0201.jpg,assets/output_images/tile_0201.jpg
32,PV,38.7321354901588,-9.14988874894716,tile_0201.jpg,assets/output_images/tile_0201.jpg
33,PV,38.73190150551234,-9.150459825759253,tile_0201.jpg,assets/output_images/tile_0201.jpg
34,PV,38.731882566775255,-9.150413869197646,tile_0202.jpg,assets/output_images/tile_0202.jpg
35,PV,38.7285295993099,-9.150221096026732,tile_0210.jpg,assets/output_images/tile_0210.jpg
36,PV,38.74446739676458,-9.149161702699091,tile_0223.jpg,assets/output_images/tile_0223.jpg
37,PV,38.74444993892771,-9.14925904594468,tile_0223.jpg,assets/output_images/tile_0223.jpg
38,PV,38.744532136967855,-9.149177542663756,tile_0223.jpg,assets/output_images/tile_0223.jpg
39,PV,38.74455895321731,-9.149116278271306,tile_0223.jpg,assets/output_images/tile_0223.jpg
40,PV,38.744759624893206,-9.149836802034846,tile_0223.jpg,assets/output_images/tile_0223.jpg
41,PV,38.74439901509236,-9.149261841304783,tile_0224.jpg,assets/output_images/tile_0224.jpg
42,PV,38.74426288938519,-9.149374925921716,tile_0224.jpg,assets/output_images/tile_0224.jpg
43,PV,38.7410578691224,-9.149266181170823,tile_0232.jpg,assets/output_images/tile_0232.jpg
44,PV,38.73973429774136,-9.14932401452385,tile_0235.jpg,assets/output_images/tile_0235.jpg
45,PV,38.73970659462498,-9.14933499206559,tile_0236.jpg,assets/output_images/tile_0236.jpg
46,PV,38.737958475577166,-9.149353429548883,tile_0240.jpg,assets/output_images/tile_0240.jpg
47,PV,38.73796903398322,-9.149184642037785,tile_0240.jpg,assets/output_images/tile_0240.jpg
48,PV,38.737541325335286,-9.149367428286329,tile_0241.jpg,assets/output_images/tile_0241.jpg
49,PV,38.7367551913729,-9.149397414284977,tile_0243.jpg,assets/output_images/tile_0243.jpg
50,PV,38.735896990588074,-9.149361164274817,tile_0245.jpg,assets/output_images/tile_0245.jpg
51,PV,38.73521122184659,-9.149688928954507,tile_0247.jpg,assets/output_images/tile_0247.jpg
52,PV,38.733852341555455,-9.149533171805343,tile_0250.jpg,assets/output_images/tile_0250.jpg
53,PV,38.73364895772184,-9.149603535309604,tile_0251.jpg,assets/output_images/tile_0251.jpg
54,PV,38.73345621189634,-9.149726542010185,tile_0251.jpg,assets/output_images/tile_0251.jpg
55,PV,38.733441145422915,-9.149686314993426,tile_0252.jpg,assets/output_images/tile_0252.jpg
56,PV,38.73308773854576,-9.149220319355392,tile_0252.jpg,assets/output_images/tile_0252.jpg
57,PV,38.732128104017455,-9.149858463098225,tile_0255.jpg,assets/output_images/tile_0255.jpg
58,PV,38.732189551974535,-9.149873666155758,tile_0255.jpg,assets/output_images/tile_0255.jpg
59,PV,38.729027383406454,-9.14924260713506,tile_0263.jpg,assets/output_images/tile_0263.jpg
60,PV,38.72872215902195,-9.149503315668303,tile_0264.jpg,assets/output_images/tile_0264.jpg
61,PV,38.72853924746601,-9.149626740715206,tile_0264.jpg,assets/output_images/tile_0264.jpg
62,PV,38.744553436004885,-9.149082773316973,tile_0277.jpg,assets/output_images/tile_0277.jpg
63,PV,38.74462001747706,-9.148824380270481,tile_0277.jpg,assets/output_images/tile_0277.jpg
64,PV,38.74476910883433,-9.148439823698792,tile_0277.jpg,assets/output_images/tile_0277.jpg
65,PV,38.74456576481287,-9.148966977840702,tile_0277.jpg,assets/output_images/tile_0277.jpg
66,PV,38.74449801775,-9.14913619263046,tile_0277.jpg,assets/output_images/tile_0277.jpg
67,PV,38.740919530329265,-9.148762352905278,tile_0286.jpg,assets/output_images/tile_0286.jpg
68,PV,38.74096331043159,-9.148607621838796,tile_0286.jpg,assets/output_images/tile_0286.jpg
69,PV,38.741061377503264,-9.14862951336253,tile_0286.jpg,assets/output_images/tile_0286.jpg
70,PV,38.73798932058559,-9.14897869824977,tile_0294.jpg,assets/output_images/tile_0294.jpg
71,PV,38.73630877782005,-9.14853327080968,tile_0298.jpg,assets/output_images/tile_0298.jpg
72,PV,38.73610049982141,-9.148651001058823,tile_0299.jpg,assets/output_images/tile_0299.jpg
73,PV,38.73470986559634,-9.148761145884,tile_0302.jpg,assets/output_images/tile_0302.jpg
74,PV,38.734385867545534,-9.148903638772998,tile_0303.jpg,assets/output_images/tile_0303.jpg
75,PV,38.734389705938625,-9.148791291518705,tile_0303.jpg,assets/output_images/tile_0303.jpg
76,PV,38.73316253640712,-9.14876577183029,tile_0306.jpg,assets/output_images/tile_0306.jpg
77,PV,38.73013482787085,-9.148733598606931,tile_0314.jpg,assets/output_images/tile_0314.jpg
78,PV,38.73023515762587,-9.149132083674974,tile_0314.jpg,assets/output_images/tile_0314.jpg
79,PV,38.72938808842834,-9.148927853716511,tile_0316.jpg,assets/output_images/tile_0316.jpg
80,PV,38.74730876399464,-9.14768478226775,tile_0324.jpg,assets/output_images/tile_0324.jpg
81,PV,38.74702950399772,-9.147597456087322,tile_0325.jpg,assets/output_images/tile_0325.jpg
82,PV,38.74484159035819,-9.148257594776604,tile_0330.jpg,assets/output_images/tile_0330.jpg
83,PV,38.74482417337971,-9.148004373974402,tile_0330.jpg,assets/output_images/tile_0330.jpg
84,PV,38.744863005139635,-9.148041396155676,tile_0330.jpg,assets/output_images/tile_0330.jpg
85,PV,38.74480834192402,-9.148368608197082,tile_0331.jpg,assets/output_images/tile_0331.jpg
86,PV,38.744786661906915,-9.148282560373822,tile_0331.jpg,assets/output_images/tile_0331.jpg
87,PV,38.744305344474114,-9.147767559772207,tile_0332.jpg,assets/output_images/tile_0332.jpg
88,PV,38.74339581236703,-9.147810986631349,tile_0334.jpg,assets/output_images/tile_0334.jpg
89,PV,38.741999331045335,-9.147910783127626,tile_0338.jpg,assets/output_images/tile_0338.jpg
90,PV,38.741372859844496,-9.147806846489432,tile_0339.jpg,assets/output_images/tile_0339.jpg
91,PV,38.74108149109016,-9.14764489662372,tile_0340.jpg,assets/output_images/tile_0340.jpg
92,PV,38.735484522744706,-9.148197196892172,tile_0354.jpg,assets/output_images/tile_0354.jpg
93,PV,38.7347707388163,-9.147790900441793,tile_0356.jpg,assets/output_images/tile_0356.jpg
94,PV,38.73442506880535,-9.147816584534262,tile_0357.jpg,assets/output_images/tile_0357.jpg
95,PV,38.7344785310083,-9.147810213437058,tile_0357.jpg,assets/output_images/tile_0357.jpg
96,PV,38.733561198738734,-9.147703326376305,tile_0359.jpg,assets/output_images/tile_0359.jpg
97,PV,38.73353157653426,-9.147838880315172,tile_0359.jpg,assets/output_images/tile_0359.jpg
98,PV,38.73163135336022,-9.147945953236004,tile_0364.jpg,assets/output_images/tile_0364.jpg
99,PV,38.731505524683165,-9.148048021021202,tile_0364.jpg,assets/output_images/tile_0364.jpg
100,PV,38.73149027573725,-9.148024589616297,tile_0365.jpg,assets/output_images/tile_0365.jpg
101,PV,38.73034963226733,-9.147673461184148,tile_0367.jpg,assets/output_images/tile_0367.jpg
102,PV,38.7304006172327,-9.147786108454362,tile_0367.jpg,assets/output_images/tile_0367.jpg
103,PV,38.746809396701856,-9.14750394429311,tile_0379.jpg,assets/output_images/tile_0379.jpg
104,PV,38.7467617487021,-9.147491426972516,tile_0380.jpg,assets/output_images/tile_0380.jpg
105,PV,38.745920823204585,-9.147262333478729,tile_0382.jpg,assets/output_images/tile_0382.jpg
106,PV,38.7434334898738,-9.147606482289468,tile_0388.jpg,assets/output_images/tile_0388.jpg
107,PV,38.73889897580015,-9.147433931861295,tile_0400.jpg,assets/output_images/tile_0400.jpg
108,PV,38.73833691552987,-9.146974333298926,tile_0401.jpg,assets/output_images/tile_0401.jpg
109,PV,38.737881792398966,-9.147219432041368,tile_0402.jpg,assets/output_images/tile_0402.jpg
110,PV,38.736577003120395,-9.147047367949622,tile_0405.jpg,assets/output_images/tile_0405.jpg
111,PV,38.73141561295454,-9.14726117579504,tile_0419.jpg,assets/output_images/tile_0419.jpg
112,PV,38.72857795499921,-9.147241650613353,tile_0426.jpg,assets/output_images/tile_0426.jpg
113,PV,38.72873147317948,-9.147504544897927,tile_0426.jpg,assets/output_images/tile_0426.jpg
114,PV,38.72788863732967,-9.147112206544405,tile_0428.jpg,assets/output_images/tile_0428.jpg
115,PV,38.72715414763906,-9.147100360571072,tile_0430.jpg,assets/output_images/tile_0430.jpg
116,PV,38.7462223222573,-9.146637099733228,tile_0435.jpg,assets/output_images/tile_0435.jpg
117,PV,38.74605961409573,-9.14654594046626,tile_0435.jpg,assets/output_images/tile_0435.jpg
118,PV,38.74611486181992,-9.146577657270882,tile_0435.jpg,assets/output_images/tile_0435.jpg
119,PV,38.745250139316305,-9.14648313993064,tile_0437.jpg,assets/output_images/tile_0437.jpg
120,PV,38.74132607562433,-9.146102505683569,tile_0447.jpg,assets/output_images/tile_0447.jpg
121,PV,38.7412731829316,-9.146150753301873,tile_0448.jpg,assets/output_images/tile_0448.jpg
122,PV,38.73439037028126,-9.1465930193301,tile_0465.jpg,assets/output_images/tile_0465.jpg
123,PV,38.73388565723202,-9.146461076028892,tile_0466.jpg,assets/output_images/tile_0466.jpg
124,PV,38.73392147430559,-9.146554226398028,tile_0466.jpg,assets/output_images/tile_0466.jpg
125,PV,38.73231586452303,-9.146174789527084,tile_0470.jpg,assets/output_images/tile_0470.jpg
126,PV,38.73098712760603,-9.14670734252308,tile_0474.jpg,assets/output_images/tile_0474.jpg
127,PV,38.73024768864348,-9.146750753563907,tile_0476.jpg,assets/output_images/tile_0476.jpg
128,PV,38.72996962441717,-9.146222765880738,tile_0476.jpg,assets/output_images/tile_0476.jpg
129,PV,38.72943531243143,-9.14612589043161,tile_0478.jpg,assets/output_images/tile_0478.jpg
130,PV,38.72941562306226,-9.146220633743871,tile_0478.jpg,assets/output_images/tile_0478.jpg
131,PV,38.729474307224066,-9.146261137448116,tile_0478.jpg,assets/output_images/tile_0478.jpg
132,PV,38.72753445235751,-9.146128957670271,tile_0483.jpg,assets/output_images/tile_0483.jpg
133,PV,38.72711551781746,-9.14617868043676,tile_0484.jpg,assets/output_images/tile_0484.jpg
134,PV,38.72662546697301,-9.146386608828276,tile_0485.jpg,assets/output_images/tile_0485.jpg
135,PV,38.744856378417815,-9.145962970084566,tile_0492.jpg,assets/output_images/tile_0492.jpg
136,PV,38.744778099599095,-9.145920387305408,tile_0493.jpg,assets/output_images/tile_0493.jpg
137,PV,38.74283431118455,-9.14572091922228,tile_0498.jpg,assets/output_images/tile_0498.jpg
138,PV,38.74132518920865,-9.146106774317952,tile_0501.jpg,assets/output_images/tile_0501.jpg
139,PV,38.74128681906935,-9.146100446296495,tile_0502.jpg,assets/output_images/tile_0502.jpg
140,PV,38.7377758363945,-9.14535921085492,tile_0510.jpg,assets/output_images/tile_0510.jpg
141,PV,38.73785590636616,-9.145372743228352,tile_0510.jpg,assets/output_images/tile_0510.jpg
142,PV,38.7369878057255,-9.146057810926049,tile_0512.jpg,assets/output_images/tile_0512.jpg
143,PV,38.73692966457577,-9.146043002248623,tile_0513.jpg,assets/output_images/tile_0513.jpg
144,PV,38.73646089584579,-9.145996753972472,tile_0514.jpg,assets/output_images/tile_0514.jpg
145,PV,38.733315903054866,-9.146109202725912,tile_0522.jpg,assets/output_images/tile_0522.jpg
146,PV,38.73321999551597,-9.145586306186619,tile_0522.jpg,assets/output_images/tile_0522.jpg
147,PV,38.730051964930986,-9.145783648190088,tile_0530.jpg,assets/output_images/tile_0530.jpg
148,PV,38.72929526009476,-9.145662886226985,tile_0532.jpg,assets/output_images/tile_0532.jpg
149,PV,38.72945123553776,-9.14610739211214,tile_0532.jpg,assets/output_images/tile_0532.jpg
150,PV,38.72879021991698,-9.145987763747144,tile_0533.jpg,assets/output_images/tile_0533.jpg
151,PV,38.726945131813736,-9.145575792942076,tile_0538.jpg,assets/output_images/tile_0538.jpg
152,PV,38.74593382061395,-9.145037371435263,tile_0544.jpg,assets/output_images/tile_0544.jpg
153,PV,38.742298981134304,-9.144655398211205,tile_0553.jpg,assets/output_images/tile_0553.jpg
154,PV,38.73933496170806,-9.145159354007433,tile_0560.jpg,assets/output_images/tile_0560.jpg
155,PV,38.739317758489875,-9.145083599322913,tile_0560.jpg,assets/output_images/tile_0560.jpg
156,PV,38.73931047369957,-9.14510186397117,tile_0561.jpg,assets/output_images/tile_0561.jpg
157,PV,38.738230440980814,-9.144994243364229,tile_0563.jpg,assets/output_images/tile_0563.jpg
158,PV,38.73829905338815,-9.14471083409714,tile_0563.jpg,assets/output_images/tile_0563.jpg
159,PV,38.73823230246199,-9.145055692092225,tile_0563.jpg,assets/output_images/tile_0563.jpg
160,PV,38.73781692433822,-9.145357517028474,tile_0564.jpg,assets/output_images/tile_0564.jpg
161,PV,38.737549744926405,-9.144644492455551,tile_0565.jpg,assets/output_images/tile_0565.jpg
162,PV,38.73714192541758,-9.14502723377848,tile_0566.jpg,assets/output_images/tile_0566.jpg
163,PV,38.734896345066026,-9.144591397761978,tile_0572.jpg,assets/output_images/tile_0572.jpg
164,PV,38.734107881090765,-9.14501720287997,tile_0574.jpg,assets/output_images/tile_0574.jpg
165,PV,38.732879841992094,-9.144759648228009,tile_0577.jpg,assets/output_images/tile_0577.jpg
166,PV,38.73228356780217,-9.144743851004849,tile_0578.jpg,assets/output_images/tile_0578.jpg
167,PV,38.73142825268813,-9.144614696235749,tile_0581.jpg,assets/output_images/tile_0581.jpg
168,PV,38.73007635609429,-9.144768284168116,tile_0584.jpg,assets/output_images/tile_0584.jpg
169,PV,38.730017207555214,-9.144614049587972,tile_0584.jpg,assets/output_images/tile_0584.jpg
170,PV,38.72857301356988,-9.145212544654532,tile_0588.jpg,assets/output_images/tile_0588.jpg
171,PV,38.72833240144925,-9.145187117952432,tile_0589.jpg,assets/output_images/tile_0589.jpg
172,PV,38.726417829455904,-9.144756706635464,tile_0593.jpg,assets/output_images/tile_0593.jpg
173,PV,38.743899907570885,-9.143867565803545,tile_0603.jpg,assets/output_images/tile_0603.jpg
174,PV,38.74383840579235,-9.143840561301335,tile_0603.jpg,assets/output_images/tile_0603.jpg
175,PV,38.73794349368492,-9.144456908962372,tile_0618.jpg,assets/output_images/tile_0618.jpg
176,PV,38.73536893802965,-9.143953674321658,tile_0625.jpg,assets/output_images/tile_0625.jpg
177,PV,38.73536741242957,-9.144022183379253,tile_0625.jpg,assets/output_images/tile_0625.jpg
178,PV,38.734896466637096,-9.144592485953416,tile_0626.jpg,assets/output_images/tile_0626.jpg
179,PV,38.73409177322556,-9.143824874608566,tile_0628.jpg,assets/output_images/tile_0628.jpg
180,PV,38.73317214449996,-9.144373192355499,tile_0630.jpg,assets/output_images/tile_0630.jpg
181,PV,38.73295423540667,-9.144553223744687,tile_0631.jpg,assets/output_images/tile_0631.jpg
182,PV,38.7330252064575,-9.144594205402125,tile_0631.jpg,assets/output_images/tile_0631.jpg
183,PV,38.73143113840365,-9.144583571136222,tile_0635.jpg,assets/output_images/tile_0635.jpg
184,PV,38.731384487287855,-9.14445671404718,tile_0635.jpg,assets/output_images/tile_0635.jpg
185,PV,38.731423512507185,-9.144509106370768,tile_0635.jpg,assets/output_images/tile_0635.jpg
186,PV,38.72763131740089,-9.144104882180942,tile_0644.jpg,assets/output_images/tile_0644.jpg
187,PV,38.74430698995252,-9.143471159403068,tile_0656.jpg,assets/output_images/tile_0656.jpg
188,PV,38.74425852154235,-9.143450273948671,tile_0656.jpg,assets/output_images/tile_0656.jpg
189,PV,38.74412999162281,-9.143372127956589,tile_0656.jpg,assets/output_images/tile_0656.jpg
190,PV,38.74383827373455,-9.143822562005685,tile_0657.jpg,assets/output_images/tile_0657.jpg
191,PV,38.743908746497574,-9.143814684034997,tile_0657.jpg,assets/output_images/tile_0657.jpg
192,PV,38.74396081816971,-9.143675022685638,tile_0657.jpg,assets/output_images/tile_0657.jpg
193,PV,38.74388755351104,-9.14367634104902,tile_0657.jpg,assets/output_images/tile_0657.jpg
194,PV,38.74221111033421,-9.143135199649713,tile_0661.jpg,assets/output_images/tile_0661.jpg
195,PV,38.74043203759791,-9.143471855633992,tile_0666.jpg,assets/output_images/tile_0666.jpg
196,PV,38.739900088643076,-9.143398603517287,tile_0667.jpg,assets/output_images/tile_0667.jpg
197,PV,38.7374701106447,-9.143076215959406,tile_0673.jpg,assets/output_images/tile_0673.jpg
198,PV,38.7375165435856,-9.14308182526051,tile_0673.jpg,assets/output_images/tile_0673.jpg
199,PV,38.7369764847278,-9.143560277554982,tile_0674.jpg,assets/output_images/tile_0674.jpg
200,PV,38.73736969442143,-9.143525939637271,tile_0674.jpg,assets/output_images/tile_0674.jpg
201,PV,38.737023991212475,-9.143122839673252,tile_0674.jpg,assets/output_images/tile_0674.jpg
202,PV,38.737100691427905,-9.14314133197154,tile_0674.jpg,assets/output_images/tile_0674.jpg
203,PV,38.73692289601188,-9.143518346733885,tile_0675.jpg,assets/output_images/tile_0675.jpg
204,PV,38.736854834294114,-9.143473534360265,tile_0675.jpg,assets/output_images/tile_0675.jpg
205,PV,38.73665277018345,-9.14346936113904,tile_0675.jpg,assets/output_images/tile_0675.jpg
206,PV,38.73667823441131,-9.143269226405032,tile_0675.jpg,assets/output_images/tile_0675.jpg
207,PV,38.73671738066071,-9.143441331546631,tile_0675.jpg,assets/output_images/tile_0675.jpg
208,PV,38.736911105816496,-9.143423913802325,tile_0675.jpg,assets/output_images/tile_0675.jpg
209,PV,38.736969164612944,-9.143142820352812,tile_0675.jpg,assets/output_images/tile_0675.jpg
210,PV,38.73666109221046,-9.143361998505682,tile_0675.jpg,assets/output_images/tile_0675.jpg
211,PV,38.73680753887981,-9.143517053428104,tile_0675.jpg,assets/output_images/tile_0675.jpg
212,PV,38.73686991810376,-9.14358105359084,tile_0675.jpg,assets/output_images/tile_0675.jpg
213,PV,38.73683077134358,-9.14330212047695,tile_0675.jpg,assets/output_images/tile_0675.jpg
214,PV,38.73669753728083,-9.143119105405132,tile_0675.jpg,assets/output_images/tile_0675.jpg
215,PV,38.736578838287954,-9.14350982292373,tile_0676.jpg,assets/output_images/tile_0676.jpg
216,PV,38.734125135134285,-9.143377819848528,tile_0682.jpg,assets/output_images/tile_0682.jpg
217,PV,38.73408446354617,-9.143806562357218,tile_0682.jpg,assets/output_images/tile_0682.jpg
218,PV,38.73410684920983,-9.143699555253944,tile_0682.jpg,assets/output_images/tile_0682.jpg
219,PV,38.73294345929707,-9.143087009574874,tile_0685.jpg,assets/output_images/tile_0685.jpg
220,PV,38.731431448699766,-9.143270592550774,tile_0689.jpg,assets/output_images/tile_0689.jpg
221,PV,38.728516854986005,-9.143786929216732,tile_0696.jpg,assets/output_images/tile_0696.jpg
222,PV,38.72812331722352,-9.143483879046654,tile_0697.jpg,assets/output_images/tile_0697.jpg
223,PV,38.74709925951998,-9.142799945972165,tile_0703.jpg,assets/output_images/tile_0703.jpg
224,PV,38.745577901603724,-9.142413119206353,tile_0707.jpg,assets/output_images/tile_0707.jpg
225,PV,38.74221167040309,-9.143075757312069,tile_0715.jpg,assets/output_images/tile_0715.jpg
226,PV,38.73756090093756,-9.142485443199329,tile_0727.jpg,assets/output_images/tile_0727.jpg
227,PV,38.73755659424218,-9.14258565289535,tile_0727.jpg,assets/output_images/tile_0727.jpg
228,PV,38.737435143414544,-9.142990495636514,tile_0727.jpg,assets/output_images/tile_0727.jpg
229,PV,38.73751611293149,-9.14307786362395,tile_0727.jpg,assets/output_images/tile_0727.jpg
230,PV,38.737519105801965,-9.14277632357424,tile_0727.jpg,assets/output_images/tile_0727.jpg
231,PV,38.737465821629854,-9.14305572973008,tile_0727.jpg,assets/output_images/tile_0727.jpg
232,PV,38.737477706438234,-9.142954596269062,tile_0727.jpg,assets/output_images/tile_0727.jpg
233,PV,38.73749287223076,-9.142695368600156,tile_0727.jpg,assets/output_images/tile_0727.jpg
234,PV,38.73737557360787,-9.142982208374615,tile_0727.jpg,assets/output_images/tile_0727.jpg
235,PV,38.737117421402786,-9.142400816838844,tile_0728.jpg,assets/output_images/tile_0728.jpg
236,PV,38.73711905356048,-9.142743559841412,tile_0728.jpg,assets/output_images/tile_0728.jpg
237,PV,38.737038051715274,-9.142891270830074,tile_0728.jpg,assets/output_images/tile_0728.jpg
238,PV,38.737175605850254,-9.14273963012605,tile_0728.jpg,assets/output_images/tile_0728.jpg
239,PV,38.73710136128122,-9.142638034434654,tile_0728.jpg,assets/output_images/tile_0728.jpg
240,PV,38.73711945546927,-9.142915953191473,tile_0728.jpg,assets/output_images/tile_0728.jpg
241,PV,38.73708079789763,-9.142789652444616,tile_0728.jpg,assets/output_images/tile_0728.jpg
242,PV,38.73737066240884,-9.14299877929683,tile_0728.jpg,assets/output_images/tile_0728.jpg
243,PV,38.73702347996354,-9.14306504677856,tile_0728.jpg,assets/output_images/tile_0728.jpg
244,PV,38.73679565473918,-9.14257459927018,tile_0729.jpg,assets/output_images/tile_0729.jpg
245,PV,38.73670019580899,-9.14309234656961,tile_0729.jpg,assets/output_images/tile_0729.jpg
246,PV,38.73674907473518,-9.142834052051638,tile_0729.jpg,assets/output_images/tile_0729.jpg
247,PV,38.73578303366966,-9.142803818717038,tile_0732.jpg,assets/output_images/tile_0732.jpg
248,PV,38.73476711877257,-9.143032332069543,tile_0734.jpg,assets/output_images/tile_0734.jpg
249,PV,38.73427256897168,-9.142357755270211,tile_0735.jpg,assets/output_images/tile_0735.jpg
250,PV,38.73420159864396,-9.142937220863812,tile_0736.jpg,assets/output_images/tile_0736.jpg
251,PV,38.73306784253046,-9.14260076173876,tile_0738.jpg,assets/output_images/tile_0738.jpg
252,PV,38.73294566554427,-9.143084162982811,tile_0739.jpg,assets/output_images/tile_0739.jpg
253,PV,38.732063154939226,-9.142832580013913,tile_0741.jpg,assets/output_images/tile_0741.jpg
254,PV,38.7314988021591,-9.142717930550294,tile_0742.jpg,assets/output_images/tile_0742.jpg
255,PV,38.731629877873424,-9.142799404159089,tile_0742.jpg,assets/output_images/tile_0742.jpg
256,PV,38.731490365627025,-9.14239677350583,tile_0743.jpg,assets/output_images/tile_0743.jpg
257,PV,38.731045311175535,-9.142808456102443,tile_0744.jpg,assets/output_images/tile_0744.jpg
258,PV,38.72914284832581,-9.14268261848636,tile_0748.jpg,assets/output_images/tile_0748.jpg
259,PV,38.728447287724855,-9.142348560757394,tile_0750.jpg,assets/output_images/tile_0750.jpg
260,PV,38.727110833912256,-9.143085048249072,tile_0754.jpg,assets/output_images/tile_0754.jpg
261,PV,38.747516879654505,-9.142337215712908,tile_0756.jpg,assets/output_images/tile_0756.jpg
262,PV,38.744565839587345,-9.141751876204204,tile_0763.jpg,assets/output_images/tile_0763.jpg
263,PV,38.74185971696838,-9.14178584117395,tile_0770.jpg,assets/output_images/tile_0770.jpg
264,PV,38.73906985029746,-9.142104899805458,tile_0777.jpg,assets/output_images/tile_0777.jpg
265,PV,38.737140046153314,-9.14228865686126,tile_0782.jpg,assets/output_images/tile_0782.jpg
266,PV,38.737050735713574,-9.142278612879725,tile_0782.jpg,assets/output_images/tile_0782.jpg
267,PV,38.734272144141016,-9.142351636122,tile_0789.jpg,assets/output_images/tile_0789.jpg
268,PV,38.73429866175367,-9.14218209387472,tile_0789.jpg,assets/output_images/tile_0789.jpg
269,PV,38.733827971672184,-9.142263691502782,tile_0791.jpg,assets/output_images/tile_0791.jpg
270,PV,38.73305349160715,-9.141815053200697,tile_0793.jpg,assets/output_images/tile_0793.jpg
271,PV,38.73253442726311,-9.142268962899728,tile_0794.jpg,assets/output_images/tile_0794.jpg
272,PV,38.72842499894293,-9.142278955923642,tile_0804.jpg,assets/output_images/tile_0804.jpg
273,PV,38.728229368989936,-9.14207958852453,tile_0805.jpg,assets/output_images/tile_0805.jpg
274,PV,38.728299792005046,-9.142198262240505,tile_0805.jpg,assets/output_images/tile_0805.jpg
275,PV,38.7269875244301,-9.142064448242303,tile_0808.jpg,assets/output_images/tile_0808.jpg
276,PV,38.74223381056889,-9.140969163691697,tile_0823.jpg,assets/output_images/tile_0823.jpg
277,PV,38.74128996701817,-9.141483608339934,tile_0825.jpg,assets/output_images/tile_0825.jpg
278,PV,38.74121672068376,-9.141451845451424,tile_0826.jpg,assets/output_images/tile_0826.jpg
279,PV,38.740110868946786,-9.141436363434952,tile_0828.jpg,assets/output_images/tile_0828.jpg
280,PV,38.73977264148738,-9.14093390112906,tile_0829.jpg,assets/output_images/tile_0829.jpg
281,PV,38.74010876279121,-9.141435608780627,tile_0829.jpg,assets/output_images/tile_0829.jpg
282,PV,38.73699766146963,-9.140917972270788,tile_0836.jpg,assets/output_images/tile_0836.jpg
283,PV,38.73604377062459,-9.141559647488087,tile_0839.jpg,assets/output_images/tile_0839.jpg
284,PV,38.731194563879065,-9.141592884119616,tile_0851.jpg,assets/output_images/tile_0851.jpg
285,PV,38.72927557561052,-9.14154418112622,tile_0856.jpg,assets/output_images/tile_0856.jpg
286,PV,38.72698086902479,-9.14140981686578,tile_0862.jpg,assets/output_images/tile_0862.jpg
287,PV,38.74433067721563,-9.14008292835464,tile_0872.jpg,assets/output_images/tile_0872.jpg
288,PV,38.73857837522798,-9.140536362992655,tile_0886.jpg,assets/output_images/tile_0886.jpg
289,PV,38.73314762395744,-9.140761649920648,tile_0900.jpg,assets/output_images/tile_0900.jpg
290,PV,38.73076731522525,-9.140454990044002,tile_0906.jpg,assets/output_images/tile_0906.jpg
291,PV,38.72936472840362,-9.140649939327922,tile_0910.jpg,assets/output_images/tile_0910.jpg
292,PV,38.74432995545045,-9.140079188051695,tile_0926.jpg,assets/output_images/tile_0926.jpg
293,PV,38.74232010077449,-9.139354682302097,tile_0931.jpg,assets/output_images/tile_0931.jpg
294,PV,38.74096144852708,-9.139527071423023,tile_0934.jpg,assets/output_images/tile_0934.jpg
295,PV,38.74049257158632,-9.139583989442032,tile_0936.jpg,assets/output_images/tile_0936.jpg
296,PV,38.74035564407989,-9.139806827662238,tile_0936.jpg,assets/output_images/tile_0936.jpg
297,PV,38.740014630774375,-9.139314164853175,tile_0937.jpg,assets/output_images/tile_0937.jpg
298,PV,38.73938249481767,-9.139351659946794,tile_0938.jpg,assets/output_images/tile_0938.jpg
299,PV,38.738413961793604,-9.139800619894757,tile_0941.jpg,assets/output_images/tile_0941.jpg
300,PV,38.73474439360135,-9.139687346102658,tile_0950.jpg,assets/output_images/tile_0950.jpg
301,PV,38.734654395744556,-9.139653175474361,tile_0950.jpg,assets/output_images/tile_0950.jpg
302,PV,38.73460564001068,-9.139614565158896,tile_0951.jpg,assets/output_images/tile_0951.jpg
303,PV,38.733453065762035,-9.139808165465983,tile_0953.jpg,assets/output_images/tile_0953.jpg
304,PV,38.733300537481206,-9.139855830671552,tile_0954.jpg,assets/output_images/tile_0954.jpg
305,PV,38.733346901429755,-9.139888630570272,tile_0954.jpg,assets/output_images/tile_0954.jpg
306,PV,38.733434435281886,-9.139763293533235,tile_0954.jpg,assets/output_images/tile_0954.jpg
307,PV,38.73334830912151,-9.13967489264876,tile_0954.jpg,assets/output_images/tile_0954.jpg
308,PV,38.73001428893906,-9.139348977913757,tile_0962.jpg,assets/output_images/tile_0962.jpg
309,PV,38.72996595922952,-9.139340048608378,tile_0962.jpg,assets/output_images/tile_0962.jpg
310,PV,38.74306380607945,-9.139219584514445,tile_0983.jpg,assets/output_images/tile_0983.jpg
311,PV,38.742551117973825,-9.13894555579419,tile_0984.jpg,assets/output_images/tile_0984.jpg
312,PV,38.742308107090295,-9.139327683472937,tile_0985.jpg,assets/output_images/tile_0985.jpg
313,PV,38.7409777434955,-9.138554438131589,tile_0988.jpg,assets/output_images/tile_0988.jpg
314,PV,38.74065666982874,-9.13906020370258,tile_0989.jpg,assets/output_images/tile_0989.jpg
315,PV,38.74031604562987,-9.13913688818884,tile_0990.jpg,assets/output_images/tile_0990.jpg
316,PV,38.74049427306763,-9.139254532757151,tile_0990.jpg,assets/output_images/tile_0990.jpg
317,PV,38.74009546118861,-9.139244665300913,tile_0991.jpg,assets/output_images/tile_0991.jpg
318,PV,38.740014905860406,-9.139278789382846,tile_0991.jpg,assets/output_images/tile_0991.jpg
319,PV,38.73996624417938,-9.139178148982571,tile_0991.jpg,assets/output_images/tile_0991.jpg
320,PV,38.73938697359336,-9.13933553801697,tile_0992.jpg,assets/output_images/tile_0992.jpg
321,PV,38.73845624536213,-9.139256109943354,tile_0995.jpg,assets/output_images/tile_0995.jpg
322,PV,38.73303233585631,-9.139326009334589,tile_1009.jpg,assets/output_images/tile_1009.jpg
323,PV,38.729998344802304,-9.13933402371522,tile_1016.jpg,assets/output_images/tile_1016.jpg
324,PV,38.73963149269072,-9.138518276832778,tile_1046.jpg,assets/output_images/tile_1046.jpg
325,PV,38.739676058662106,-9.138537135557986,tile_1046.jpg,assets/output_images/tile_1046.jpg
326,PV,38.73924181776725,-9.138052281900736,tile_1047.jpg,assets/output_images/tile_1047.jpg
327,PV,38.73367122807024,-9.1384626492035,tile_1061.jpg,assets/output_images/tile_1061.jpg
328,PV,38.7330601199161,-9.138453343123476,tile_1062.jpg,assets/output_images/tile_1062.jpg
329,PV,38.73304715313638,-9.138472883611886,tile_1063.jpg,assets/output_images/tile_1063.jpg
330,PV,38.7276504784528,-9.13796851707154,tile_1076.jpg,assets/output_images/tile_1076.jpg
331,PV,38.73928562235811,-9.13771501847874,tile_1101.jpg,assets/output_images/tile_1101.jpg
332,PV,38.73444020704918,-9.137184202427775,tile_1113.jpg,assets/output_images/tile_1113.jpg
333,PV,38.73420298624711,-9.137672218090326,tile_1114.jpg,assets/output_images/tile_1114.jpg
334,PV,38.732164336413895,-9.137221595121854,tile_1119.jpg,assets/output_images/tile_1119.jpg
335,PV,38.730917239704574,-9.137779723569404,tile_1122.jpg,assets/output_images/tile_1122.jpg
336,PV,38.72985491176776,-9.137721329761025,tile_1125.jpg,assets/output_images/tile_1125.jpg
337,PV,38.72682713451336,-9.13713123018801,tile_1132.jpg,assets/output_images/tile_1132.jpg
338,PV,38.74631751728452,-9.136790882494864,tile_1137.jpg,assets/output_images/tile_1137.jpg
339,PV,38.74561872890643,-9.136723962969809,tile_1138.jpg,assets/output_images/tile_1138.jpg
340,PV,38.74244434586127,-9.13695585912918,tile_1147.jpg,assets/output_images/tile_1147.jpg
341,PV,38.73569474398003,-9.136438376095873,tile_1164.jpg,assets/output_images/tile_1164.jpg
342,PV,38.733887250395654,-9.136417517039442,tile_1168.jpg,assets/output_images/tile_1168.jpg
343,PV,38.73350348551307,-9.136505634012805,tile_1169.jpg,assets/output_images/tile_1169.jpg
344,PV,38.73351485016923,-9.136664457500231,tile_1169.jpg,assets/output_images/tile_1169.jpg
345,PV,38.73332027160039,-9.13659798018539,tile_1170.jpg,assets/output_images/tile_1170.jpg
346,PV,38.73341220293087,-9.13654764913344,tile_1170.jpg,assets/output_images/tile_1170.jpg
347,PV,38.73014882530036,-9.13708265480715,tile_1178.jpg,assets/output_images/tile_1178.jpg
348,PV,38.74553069425035,-9.13575330678348,tile_1193.jpg,assets/output_images/tile_1193.jpg
349,PV,38.74554291480321,-9.135591616559129,tile_1193.jpg,assets/output_images/tile_1193.jpg
350,PV,38.74551729343885,-9.13592569915129,tile_1193.jpg,assets/output_images/tile_1193.jpg
351,PV,38.74455741230451,-9.1359288349428,tile_1195.jpg,assets/output_images/tile_1195.jpg
352,PV,38.73851721747792,-9.135775827929326,tile_1211.jpg,assets/output_images/tile_1211.jpg
353,PV,38.736700756639166,-9.136121432464943,tile_1215.jpg,assets/output_images/tile_1215.jpg
354,PV,38.73114140656994,-9.135792507226432,tile_1229.jpg,assets/output_images/tile_1229.jpg
355,PV,38.728991630524746,-9.13574696664761,tile_1235.jpg,assets/output_images/tile_1235.jpg
356,PV,38.74558782912246,-9.135063415218081,tile_1246.jpg,assets/output_images/tile_1246.jpg
357,PV,38.745563888853255,-9.13523771648603,tile_1247.jpg,assets/output_images/tile_1247.jpg
358,PV,38.74555632187112,-9.13541216511191,tile_1247.jpg,assets/output_images/tile_1247.jpg
359,PV,38.74557547974331,-9.13506638535726,tile_1247.jpg,assets/output_images/tile_1247.jpg
360,PV,38.73500019184922,-9.13506081919329,tile_1274.jpg,assets/output_images/tile_1274.jpg
361,PV,38.74659352231835,-9.13427993227386,tile_1298.jpg,assets/output_images/tile_1298.jpg
362,PV,38.746545206356785,-9.1342601074446,tile_1298.jpg,assets/output_images/tile_1298.jpg
363,PV,38.74489770451924,-9.134371362662232,tile_1302.jpg,assets/output_images/tile_1302.jpg
364,PV,38.74476379759619,-9.13426501705644,tile_1303.jpg,assets/output_images/tile_1303.jpg
365,PV,38.744751276742036,-9.134120833551854,tile_1303.jpg,assets/output_images/tile_1303.jpg
366,PV,38.7447741157236,-9.134180937129695,tile_1303.jpg,assets/output_images/tile_1303.jpg
367,PV,38.74479674823345,-9.134311632482554,tile_1303.jpg,assets/output_images/tile_1303.jpg
368,PV,38.74229089619136,-9.13467948345126,tile_1309.jpg,assets/output_images/tile_1309.jpg
369,PV,38.73682906712857,-9.134242977376696,tile_1323.jpg,assets/output_images/tile_1323.jpg
370,PV,38.72943864763137,-9.134302232577214,tile_1342.jpg,assets/output_images/tile_1342.jpg
371,PV,38.728469363211914,-9.13445150464727,tile_1344.jpg,assets/output_images/tile_1344.jpg
372,PV,38.72670071155488,-9.134252568636574,tile_1349.jpg,assets/output_images/tile_1349.jpg
373,PV,38.7473331651211,-9.133472285350564,tile_1350.jpg,assets/output_images/tile_1350.jpg
374,PV,38.74484166846796,-9.133859617514583,tile_1356.jpg,assets/output_images/tile_1356.jpg
375,PV,38.740266090298235,-9.133375841600216,tile_1368.jpg,assets/output_images/tile_1368.jpg
376,PV,38.740203722516796,-9.1333821341379,tile_1368.jpg,assets/output_images/tile_1368.jpg
377,PV,38.73462557387013,-9.133592420351814,tile_1382.jpg,assets/output_images/tile_1382.jpg
378,PV,38.73462282627385,-9.1335887054422,tile_1383.jpg,assets/output_images/tile_1383.jpg
379,PV,38.73226869511802,-9.133642949777292,tile_1388.jpg,assets/output_images/tile_1388.jpg
380,PV,38.728479011846936,-9.134009511246438,tile_1398.jpg,assets/output_images/tile_1398.jpg
381,PV,38.72854631157908,-9.133993188229743,tile_1398.jpg,assets/output_images/tile_1398.jpg
382,PV,38.74677343898388,-9.133077747905402,tile_1405.jpg,assets/output_images/tile_1405.jpg
383,PV,38.746758568400274,-9.13308706704116,tile_1406.jpg,assets/output_images/tile_1406.jpg
384,PV,38.73810365691664,-9.132632500687684,tile_1428.jpg,assets/output_images/tile_1428.jpg
385,PV,38.73719695836633,-9.132908127098604,tile_1430.jpg,assets/output_images/tile_1430.jpg
386,PV,38.73720654961907,-9.133225924091652,tile_1430.jpg,assets/output_images/tile_1430.jpg
387,PV,38.73374626039884,-9.13279905292569,tile_1439.jpg,assets/output_images/tile_1439.jpg
388,PV,38.73228054868781,-9.13296162508757,tile_1442.jpg,assets/output_images/tile_1442.jpg
389,PV,38.72775201736961,-9.13287816467395,tile_1454.jpg,assets/output_images/tile_1454.jpg
390,PV,38.746522882008115,-9.132227598604182,tile_1460.jpg,assets/output_images/tile_1460.jpg
391,PV,38.7396427101166,-9.131777990299735,tile_1478.jpg,assets/output_images/tile_1478.jpg
392,PV,38.73720630932617,-9.131786041310098,tile_1484.jpg,assets/output_images/tile_1484.jpg
393,PV,38.73139305823217,-9.13207054824132,tile_1499.jpg,assets/output_images/tile_1499.jpg
394,PV,38.730635826247365,-9.132428868256195,tile_1501.jpg,assets/output_images/tile_1501.jpg
395,PV,38.72992226298216,-9.13220461068505,tile_1502.jpg,assets/output_images/tile_1502.jpg
396,PV,38.72993252476051,-9.132324316156655,tile_1502.jpg,assets/output_images/tile_1502.jpg
397,PV,38.72992236022046,-9.132203899188326,tile_1503.jpg,assets/output_images/tile_1503.jpg
398,PV,38.72987808737115,-9.13227684740104,tile_1503.jpg,assets/output_images/tile_1503.jpg
399,PV,38.74745270131147,-9.131565530287116,tile_1512.jpg,assets/output_images/tile_1512.jpg
400,PV,38.74349074782596,-9.13135115122252,tile_1522.jpg,assets/output_images/tile_1522.jpg
401,PV,38.73966132463004,-9.131777748975162,tile_1532.jpg,assets/output_images/tile_1532.jpg
402,PV,38.733152053289835,-9.131503090284916,tile_1548.jpg,assets/output_images/tile_1548.jpg
403,PV,38.732704309399736,-9.131150575011572,tile_1549.jpg,assets/output_images/tile_1549.jpg
404,PV,38.73263672879356,-9.13107555644823,tile_1550.jpg,assets/output_images/tile_1550.jpg
405,PV,38.73188852498728,-9.131508203365708,tile_1551.jpg,assets/output_images/tile_1551.jpg
406,PV,38.73187351664403,-9.13152404586785,tile_1552.jpg,assets/output_images/tile_1552.jpg
407,PV,38.744503404608515,-9.130830680003116,tile_1573.jpg,assets/output_images/tile_1573.jpg
408,PV,38.74429549038918,-9.130658408042756,tile_1574.jpg,assets/output_images/tile_1574.jpg
409,PV,38.73754607922672,-9.130849356295888,tile_1591.jpg,assets/output_images/tile_1591.jpg
410,PV,38.73363233116719,-9.130602640279175,tile_1601.jpg,assets/output_images/tile_1601.jpg
411,PV,38.727946266844846,-9.130469680083412,tile_1616.jpg,assets/output_images/tile_1616.jpg
412,PV,38.72791759170984,-9.130554165106338,tile_1616.jpg,assets/output_images/tile_1616.jpg
413,PV,38.73316355056455,-9.129883699679109,tile_1656.jpg,assets/output_images/tile_1656.jpg
414,PV,38.733022569022346,-9.129602109579546,tile_1657.jpg,assets/output_images/tile_1657.jpg
415,PV,38.72649641811423,-9.130130166501093,tile_1673.jpg,assets/output_images/tile_1673.jpg
416,PV,38.73040014847897,-9.12878580183248,tile_1717.jpg,assets/output_images/tile_1717.jpg
417,PV,38.72908017812028,-9.129486807310547,tile_1721.jpg,assets/output_images/tile_1721.jpg
418,PV,38.742571323500805,-9.12871195214148,tile_1740.jpg,assets/output_images/tile_1740.jpg
419,PV,38.73698222880401,-9.128184594592012,tile_1754.jpg,assets/output_images/tile_1754.jpg
420,PV,38.73689891035008,-9.128169674872614,tile_1755.jpg,assets/output_images/tile_1755.jpg
421,PV,38.73697781467813,-9.128192115514905,tile_1755.jpg,assets/output_images/tile_1755.jpg
422,PV,38.73275562188791,-9.128565491413552,tile_1765.jpg,assets/output_images/tile_1765.jpg
423,PV,38.739829510220716,-9.127962900878902,tile_1801.jpg,assets/output_images/tile_1801.jpg
424,PV,38.73987744644743,-9.128032523562188,tile_1801.jpg,assets/output_images/tile_1801.jpg
425,PV,38.72984931843318,-9.127308606166569,tile_1827.jpg,assets/output_images/tile_1827.jpg
426,PV,38.72956035303687,-9.12725981610082,tile_1827.jpg,assets/output_images/tile_1827.jpg
427,PV,38.72921027042491,-9.127427351570862,tile_1828.jpg,assets/output_images/tile_1828.jpg
428,PV,38.72911029148237,-9.12762699703193,tile_1829.jpg,assets/output_images/tile_1829.jpg
429,PV,38.7290175177472,-9.127594728489417,tile_1829.jpg,assets/output_images/tile_1829.jpg
430,PV,38.72892706316784,-9.127914271451925,tile_1829.jpg,assets/output_images/tile_1829.jpg
431,PV,38.72888264273366,-9.12753160248806,tile_1829.jpg,assets/output_images/tile_1829.jpg
432,PV,38.72854293896289,-9.12792459518365,tile_1830.jpg,assets/output_images/tile_1830.jpg
433,PV,38.72850691318828,-9.127309475048357,tile_1830.jpg,assets/output_images/tile_1830.jpg
434,PV,38.73625542362289,-9.127212411336604,tile_1864.jpg,assets/output_images/tile_1864.jpg
435,PV,38.736228727800615,-9.126933334548218,tile_1864.jpg,assets/output_images/tile_1864.jpg
436,PV,38.73601562746355,-9.12716588465062,tile_1865.jpg,assets/output_images/tile_1865.jpg
437,PV,38.73615518947991,-9.127191030112096,tile_1865.jpg,assets/output_images/tile_1865.jpg
438,PV,38.736187677474355,-9.126927473873025,tile_1865.jpg,assets/output_images/tile_1865.jpg
439,PV,38.72984810793705,-9.127288245446934,tile_1881.jpg,assets/output_images/tile_1881.jpg
440,PV,38.72944354946415,-9.127180064193643,tile_1882.jpg,assets/output_images/tile_1882.jpg
441,PV,38.728498538399776,-9.127132025794548,tile_1884.jpg,assets/output_images/tile_1884.jpg
442,PV,38.728506280934496,-9.12729113024634,tile_1884.jpg,assets/output_images/tile_1884.jpg
443,PV,38.72686729095683,-9.126653424218569,tile_1888.jpg,assets/output_images/tile_1888.jpg
444,PV,38.74404395714033,-9.125960684558532,tile_1898.jpg,assets/output_images/tile_1898.jpg
445,PV,38.744000457008575,-9.125983189865602,tile_1899.jpg,assets/output_images/tile_1899.jpg
446,PV,38.7370181544286,-9.126420946262288,tile_1916.jpg,assets/output_images/tile_1916.jpg
447,PV,38.736641341666456,-9.12620558633943,tile_1917.jpg,assets/output_images/tile_1917.jpg
448,PV,38.729336616222845,-9.126399403928351,tile_1936.jpg,assets/output_images/tile_1936.jpg
449,PV,38.72850558479282,-9.125831211103945,tile_1938.jpg,assets/output_images/tile_1938.jpg
450,PV,38.72823939258356,-9.126134867485847,tile_1939.jpg,assets/output_images/tile_1939.jpg
451,PV,38.72705521685833,-9.125962674402192,tile_1942.jpg,assets/output_images/tile_1942.jpg
452,ST,38.74444114800312,-9.152623030812002,tile_0007.jpg,assets/output_images/tile_0007.jpg
453,ST,38.73145023394616,-9.152330465933279,tile_0041.jpg,assets/output_images/tile_0041.jpg
454,ST,38.73871680400039,-9.15187639248694,tile_0076.jpg,assets/output_images/tile_0076.jpg
455,ST,38.73543538788181,-9.15085076812928,tile_0138.jpg,assets/output_images/tile_0138.jpg
456,ST,38.74750887827892,-9.15053381534091,tile_0162.jpg,assets/output_images/tile_0162.jpg
457,ST,38.74633109997338,-9.150171511157202,tile_0165.jpg,assets/output_images/tile_0165.jpg
458,ST,38.74631966946534,-9.150256791802454,tile_0165.jpg,assets/output_images/tile_0165.jpg
459,ST,38.736021199225185,-9.149646985415323,tile_0245.jpg,assets/output_images/tile_0245.jpg
460,ST,38.729908494343114,-9.149832179076236,tile_0261.jpg,assets/output_images/tile_0261.jpg
461,ST,38.731592467778235,-9.14844198951864,tile_0310.jpg,assets/output_images/tile_0310.jpg
462,ST,38.73929276129099,-9.147594055129296,tile_0345.jpg,assets/output_images/tile_0345.jpg
463,ST,38.74213771041141,-9.14752775337306,tile_0391.jpg,assets/output_images/tile_0391.jpg
464,ST,38.73021904039272,-9.147259046216115,tile_0422.jpg,assets/output_images/tile_0422.jpg
465,ST,38.73018987752212,-9.147356777818713,tile_0422.jpg,assets/output_images/tile_0422.jpg
466,ST,38.72831429066726,-9.146930373119078,tile_0427.jpg,assets/output_images/tile_0427.jpg
467,ST,38.72659519190639,-9.14637980191912,tile_0485.jpg,assets/output_images/tile_0485.jpg
468,ST,38.744854511045276,-9.145983929719282,tile_0492.jpg,assets/output_images/tile_0492.jpg
469,ST,38.73886211431432,-9.144704383826513,tile_0562.jpg,assets/output_images/tile_0562.jpg
470,ST,38.73902417940415,-9.143360643082834,tile_0669.jpg,assets/output_images/tile_0669.jpg
471,ST,38.734086154955286,-9.143682679527345,tile_0682.jpg,assets/output_images/tile_0682.jpg
472,ST,38.744565839587345,-9.141751876204204,tile_0763.jpg,assets/output_images/tile_0763.jpg
473,ST,38.731663215158946,-9.14173102017638,tile_0796.jpg,assets/output_images/tile_0796.jpg
474,ST,38.731093920641584,-9.142339704692937,tile_0798.jpg,assets/output_images/tile_0798.jpg
475,ST,38.74025190872287,-9.140911279384465,tile_0828.jpg,assets/output_images/tile_0828.jpg
476,ST,38.73848832138299,-9.14140001732802,tile_0833.jpg,assets/output_images/tile_0833.jpg
477,ST,38.73852138717915,-9.141304433435042,tile_0833.jpg,assets/output_images/tile_0833.jpg
478,ST,38.73503275377362,-9.141318289030044,tile_0841.jpg,assets/output_images/tile_0841.jpg
479,ST,38.736098060378936,-9.140599968311443,tile_0893.jpg,assets/output_images/tile_0893.jpg
480,ST,38.74068327883936,-9.139395520510142,tile_0935.jpg,assets/output_images/tile_0935.jpg
481,ST,38.73015270705075,-9.139329760360424,tile_0962.jpg,assets/output_images/tile_0962.jpg
482,ST,38.74083185173958,-9.138863135664948,tile_0989.jpg,assets/output_images/tile_0989.jpg
483,ST,38.74080762929081,-9.139094741876466,tile_0989.jpg,assets/output_images/tile_0989.jpg
484,ST,38.74049427306763,-9.139254532757151,tile_0990.jpg,assets/output_images/tile_0990.jpg
485,ST,38.73300359996666,-9.13932695974311,tile_1009.jpg,assets/output_images/tile_1009.jpg
486,ST,38.73206531094516,-9.13884122740204,tile_1011.jpg,assets/output_images/tile_1011.jpg
487,ST,38.73208122769359,-9.13892779184776,tile_1011.jpg,assets/output_images/tile_1011.jpg
488,ST,38.730053155499185,-9.139337538532365,tile_1016.jpg,assets/output_images/tile_1016.jpg
489,ST,38.73171568166857,-9.138500870711757,tile_1066.jpg,assets/output_images/tile_1066.jpg
490,ST,38.73397810316753,-9.13746796374956,tile_1114.jpg,assets/output_images/tile_1114.jpg
491,ST,38.73113078744461,-9.135831612841354,tile_1229.jpg,assets/output_images/tile_1229.jpg
492,ST,38.736007979306585,-9.134852321615307,tile_1271.jpg,assets/output_images/tile_1271.jpg
493,ST,38.72846848389145,-9.134036760623642,tile_1344.jpg,assets/output_images/tile_1344.jpg
494,ST,38.74734216162135,-9.133337102241684,tile_1350.jpg,assets/output_images/tile_1350.jpg
495,ST,38.73228392281118,-9.133623944553625,tile_1388.jpg,assets/output_images/tile_1388.jpg
496,ST,38.74674237308418,-9.13326759880135,tile_1406.jpg,assets/output_images/tile_1406.jpg
497,ST,38.73107937923494,-9.1325360404028,tile_1446.jpg,assets/output_images/tile_1446.jpg
498,ST,38.73064183799713,-9.13300572951489,tile_1447.jpg,assets/output_images/tile_1447.jpg
499,ST,38.746522882008115,-9.132227598604182,tile_1460.jpg,assets/output_images/tile_1460.jpg
500,ST,38.72801699152419,-9.13217485371431,tile_1507.jpg,assets/output_images/tile_1507.jpg
501,ST,38.73657430989667,-9.13169135621852,tile_1540.jpg,assets/output_images/tile_1540.jpg
502,ST,38.734234007647565,-9.130636716652416,tile_1599.jpg,assets/output_images/tile_1599.jpg
503,ST,38.73364573574802,-9.129740675392975,tile_1655.jpg,assets/output_images/tile_1655.jpg
504,ST,38.735192971879194,-9.128778605747776,tile_1705.jpg,assets/output_images/tile_1705.jpg
505,ST,38.732253154820135,-9.129376782606334,tile_1713.jpg,assets/output_images/tile_1713.jpg
506,ST,38.74067420593955,-9.128478037561116,tile_1745.jpg,assets/output_images/tile_1745.jpg
507,ST,38.73640254728768,-9.12802435011656,tile_1756.jpg,assets/output_images/tile_1756.jpg
508,ST,38.73282876182448,-9.128413519200226,tile_1765.jpg,assets/output_images/tile_1765.jpg
509,ST,38.73094181354169,-9.128338798845192,tile_1770.jpg,assets/output_images/tile_1770.jpg
510,ST,38.7271860699843,-9.128506281253282,tile_1779.jpg,assets/output_images/tile_1779.jpg
511,ST,38.72912475774649,-9.12756697498082,tile_1829.jpg,assets/output_images/tile_1829.jpg
512,ST,38.732208857989974,-9.126886862039447,tile_1875.jpg,assets/output_images/tile_1875.jpg
513,ST,38.72692605600883,-9.12617797773314,tile_1942.jpg,assets/output_images/tile_1942.jpg
514,ST,38.72689455785667,-9.12608560569464,tile_1942.jpg,assets/output_images/tile_1942.jpg
